{
  "config": {
    "grid_size": 10,
    "num_objects": 20,
    "reward_ratio": 0.3,
    "num_rewarding_properties": 3,
    "num_train_episodes": 5000,
    "num_eval_episodes": 1000,
    "num_seeds": 5,
    "base_seed": 42
  },
  "summary": {
    "1": {
      "eval_mean": 8.479800000000001,
      "eval_std": 0.039896867044919564,
      "eval_sem": 0.01784242136034226,
      "train_mean": 1.7580000000000002,
      "train_std": 0.18829763673503713
    },
    "2": {
      "eval_mean": 2.3558000000000003,
      "eval_std": 0.030055947830670667,
      "eval_sem": 0.013441428495513389,
      "train_mean": 0.546,
      "train_std": 0.09090654541890808
    },
    "3": {
      "eval_mean": 1.9225999999999999,
      "eval_std": 0.028394365638274084,
      "eval_sem": 0.01269834634903301,
      "train_mean": 0.45199999999999996,
      "train_std": 0.055641710972974226
    },
    "4": {
      "eval_mean": 1.7823999999999998,
      "eval_std": 0.03017018395701292,
      "eval_sem": 0.013492516444310895,
      "train_mean": 0.384,
      "train_std": 0.02870540018881463
    },
    "5": {
      "eval_mean": 1.6506,
      "eval_std": 0.03701675296402971,
      "eval_sem": 0.01655439518677745,
      "train_mean": 0.45,
      "train_std": 0.04381780460041329
    }
  },
  "correlation": -0.7648451660044511,
  "timestamp": "2025-12-10T22:28:03.264987"
}